uid,name,text
aka1929,Akanuma 1929,"<span class='author'>AKANUMA, Chizen</span> 1929. The Comparative Catalogue of Chinese Āgamas & Pāli Nikāyas. Nagoya: Ha­jinkaku-shobō. Reprinted 1990, Delhi: Sri Satguru Publications."
all2001,Allon 2001,"<span class='author'>ALLON, Mark</span> 2001. Three Gāndhārī Ekottarikāgama-Type Sūtras: British Library Kharoṣṭhī Fragments 12 and 14. Seattle: University of Washington Press."
all&sal2000,Allon and Salomon 2000,"<span class='author'>ALLON, Mark</span> & <span class='author'>SALOMON, Richard</span> 2000. Kharoṣṭhī Fragments of a Gāndhārī Version of the Mahāparinirvāṇasūtra. In BRAARVIG, Jens (ed). Buddhist Manuscripts vol. I ( = Manuscripts in the Schøyen Collection 1), Oslo: Hermes Publishing, 242–284."
ana&buc200,Analayo and Bucknell 200,"<span class='author'>ANĀLAYO</span> and <span class='author'>BUCKNELL, Roderick S.</span> 2006. Correspondence Table for Parallels to the Discourses of Majjhima Nikāya: Toward a Revision of Akanuma’s Comparative Catalogue. Journal of the Centre for Buddhist Studies, Sri Lanka 4: 215–238."
ane1908,Anesaki 1908,"<span class='author'>ANESAKI, Masaharu</span> 1908. The Four Buddhist Āgamas in Chinese: A Concordance of their Parts and the Cor­re­sponding Counterparts in the Pāli Nikāyas. Transactions of the Asiatic Society of Japan 35.3: 1–149."
bap1949,Bapat 1949,"<span class='author'>BAPAT, P.V.</span> 1949. Another Valuable Collection of Buddhist Sanskrit Manuscripts. Annals of the Bhandarkar Oriental Research Institute 30: 241–253."
bas1963,Basak 1963,"<span class='author'>BASAK, Radhagovinda</span> 1963. Mahāvastu Avadāna, vol. 1 (Calcutta Sanskrit College Research Series). Calcutta: Sanskrit College. / SENART, Emile 1882. Le Mahāvastu (vol 1): Texte sanscrit publié pour la première fois et accompagné d’introductions et d’un commentaire (Société Asiatique, Collection d’Ouvrages Orientaux, Seconde série. Paris: Imprimerie Nationale."
bas1965,Basak 1965,"<span class='author'>BASAK, Radhagovinda</span> 1965. Mahāvastu Avadāna, vol. 2 (Calcutta Sanskrit College Research Series). Calcutta: Sanskrit College. / SENART, Emile 1890. Le Mahāvastu (vol 2): Texte sanscrit publié pour la première fois et accompagné d’introductions et d’un commentaire (Société Asiatique, Collection d’Ouvrages Orientaux, Seconde série. Paris: Imprimerie Nationale."
bas2004,Basak 2004,"<span class='author'>BASAK, Radhagovinda</span> 2004. Mahāvastu Avadāna, vol. 3. Darbhanga: Mithila Institute."
ber1965,Bernhard 1965,"<span class='author'>BERNHARD, Franz</span> 1965. Udānavarga ( = Sanskrittexte aus den Turfanfunden X). Göttingen: Vandenhoeck & Ruprecht."
bol2002,Bollee 2002,"<span class='author'>BOLLÉE, Willem</span> 2002. The Story of Paesi. Wiesbaden: Harrassowitz."
bon-lev1989,Bongard-Levin 1989,"<span class='author'>BONGARD-LEVIN, Gregory</span> 1989. Three New Fragments of the Bodharājakumārasūtra from Eastern Turkestan. Journal of the American Oriental Society 109: 509–512."
bon-lev1996,Bongard-Levin 1996,"<span class='author'>BONGARD-LEVIN, Gregory</span> et al. 1996. The Nagaropamasūtra: An Apotropaic Text from the Saṃyuktāgama. In Sanskrit Wörterbuch der Buddhistischen Texte aus den Turfan Funden, Beiheft 6: 7–103."
bre2000,Brekke 2000,"<span class='author'>BREKKE, Torkel</span> 2000. The Caṃgīsūtra of the Mahāsaṃghika-Lokottaravādins. In BRAARVIG, Jens (ed.) Buddhist Manuscripts vol 1 ( = Manuscripts in the Schøyen Collection I), Oslo: Hermes Publishing, 53–62."
con1989,Cone 1989,"<span class='author'>CONE, Margaret</span> 1989. Patna Dharmapada. Journal of the Pali Text Society 13: 101–217."
coo1980,Cooper 1980,"<span class='author'>COOPER, John M.</span> 1980. A fragment of the Nidānasūtra. Pali Buddhist Review 5.3: 53–58."
cow1886,Cowell 1886,"<span class='author'>COWELL, E. B.</span> et al. 1886. The Divyāvadāna, a Collection of Early Buddhist Legends. Cambridge: Cambridge University Press."
dev1996,Devacandra 1996,DEVACANDRA 1996. Gaṅ po la sogs pa’i rtogs pa brjod pa brgya pa. Xining.
die2002,Dietz 2002,"<span class='author'>DIETZ, Siglinde</span> 2002. Fragments of the Andhasūtra, of the Sūtra on the Three Moral Defects of Devadatta, and of the Kavikumārāvadāna. In BRAARVIG, Jens (ed.) Buddhist Manuscripts vol II ( =  Manuscripts in the Schøyen Collection III), Oslo: Hermes Publishing, 25–36."
"dut1984a,1984b","Dutt 1984a, 1984b","<span class='author'>DUTT, Nalinaksha</span> 1984a (part 1), 1984b (part 2). Gilgit Manuscripts ( = Bibliotheca Indo-Buddhica No. 16, No. 17). Delhi: Sri Satguru, vol. 3."
eim1983,Eimer 1983,"<span class='author'>EIMER, Helmut</span> 1983. Rab tu \'byuṅ ba\'i gźi. Die Tibetische Übersetzung des Pravrajyāvastu im Vinaya der Mūlasarvāstivādins. Wiesbaden: Harrasowitz. Vol. 2."
eno1985,Enomoto 1985,"<span class='author'>ENOMOTO, Fumio</span> 1985. Zōagon-gyō kankei no Bonbun shahon danpen [Sanskrit fragments relating to the Saṃyuktāgama. Identification of some fragments of SHT5]. Bukkyō Kenkyū 15 (Dec.): 81–93."
eno1989,Enomoto 1989,"<span class='author'>ENOMOTO, Fumio</span> 1989. Sanskrit fragments from the Saṃyuktāgama discovered in Bamiyan and Eastern Turkestan. In <span class='author'>ENOMOTO Fumio</span>, <span class='author'>HARTMANN, Jens-Uwe</span>, and <span class='author'>MATSUMURA Hisashi</span> (editors) Sanskrit-Texte aus dem buddhistischen Kanon: Neuentdeckungen und Neueditionen ( = Sanskrit-Wörterbuch der buddhistischen Texte aus den Turfan-Funden, Beiheft 2), Göttingen: 7–16."
eno1994,Enomoto 1994,"<span class='author'>ENOMOTO, Fumio</span> 1994. A comprehensive study of the Chinese Saṃyuktāgama: Indic texts corresponding to the Chinese Saṃyuktāgama as found in the Sarvāstivāda-Mūlasarvāstivāda literature. Part 1: *Saṃgītanipāta. Kyoto: Kacho Junior College."
eno1997,Enomoto 1997,"<span class='author'>ENOMOTO, Fumio</span> 1997. Sanskrit Fragments from the Saṃgītanipāta of the Saṃyuktāgama. In <span class='author'>KIEFFER-PÜLZ, Petra</span> and <span class='author'>HARTMANN, Jens-Uwe</span> (editors), Baud­dhavidya­sudhakarah: Studies in Honour of Heinz Bechert on the Occasion of his 65th birthday, Swisstal-Odendorf, India et Tibetica 30: 91–105."
fog1972-1987,Foguang 1972–1987,"<span class='author'>FOGUANG</span> 1972–1987. Foguang Dazangjing, Ahan zang: Za Ahan (1972), Zhong Ahan (1984), Chang Ahan (1985), Zengyi Ahan (1987) [Foguang Tripiṭaka, Āgama: Saṃyuktāgama (1972), Madhyamāgama (1984), Dīrghāgama (1985), Ekottarikāgama (1987)]. Kaohsiung: Foguang."
fuk1982,Fukita 1982,"<span class='author'>FUKITA, Takamichi</span> 1982. Bonbun Daihongyō engisetsu no fukugen ni tsuite [On a restoration of the pratītyasamutpāda in the Mahāvadānasūtra]. Bukkyō Shigaku Kenkyū 24/2: 26–43."
fuk1985a,Fukita 1985a,"<span class='author'>FUKITA, Takamichi</span> 1985a. The Mahāvadāna sūtra: A reconstruction of chapters IV and V. Bukkyō Daigaku Daigakuin Kenkyū Kiyō 13: 17–52."
fuk1985b,Fukita 1985b,"<span class='author'>FUKITA, Takamichi</span> 1985b. Bonbun Daihongyō no fukugen ni kansuru jakkan no mondai [Some problems relating to the reconstruction of the Sanskrit Mahāvadānasūtra]. Indogaku Bukkyōgaku Kenkyū 33.2 (Mar): 547–548."
fuk1987a,Fukita 1987a,"<span class='author'>FUKITA, Takamichi</span> 1987a. Bonbun Daihongyō dai-ni shō oboegaki [A note on chapter 2 of the Mahāvadānasūtra]. Bukkyō Ronsō 31 (Sep): 121–124."
fuk1987b,Fukita 1987b,"<span class='author'>FUKITA, Takamichi</span> 1987b. Bonbun Daihongyō shahon Cat. No. 498 ( = MAV 82, 83) ni kansuru chūkan hōkoku [Provisional report on the MAV Ms. Cat. No. 498]. Bukkyō Bunka Kenkyūsho Shohō 4: 20–19."
fuk1987c,Fukita 1987c,"<span class='author'>FUKITA, Takamichi</span> 1987c. Vipaśyin-Butsu ichie sanga no ninzū o megutte: Bonbun Daihongyō dai-jusshō kessonbubun no fukugen [On the number of bhikṣus in Buddha Vipaśyin’s first Sangha: A reconstruction of the lost part of chapter 10 of the Mahāvadānasūtra]. Jōdo-shū Kyōgakuin Kenkyūsho-hō 9: 22–26."
fuk1988a,Fukita 1988a,"<span class='author'>FUKITA, Takamichi</span> 1988a. Daihongyō to Hasōji ni miru kyōtsū no dentō to chihōteki hensen, tokuni Bosatsu-tanjō-densetsu o chūshin to shite [Common tradition and local development of the Mahāvadānasūtra and the Saṃghabhedavastu, particularly focusing on the Bodhisattva’s birth legend]. Hōnen Gakkai Ronsō 6: 5–22."
fuk1988b,Fukita 1988b,"<span class='author'>FUKITA, Takamichi</span> 1988b. Higashi Torukisutan Ubu no dokuju kyōten – Nagaropanavyākaraṇa ( = Nagarasūtra) – ­to mayoke [A recitation of the Sarvāstivādins in Eastern Turkestan –­ the Nagaropamavyākaraṇa ( = Nagarasūtra) –and a charm]. Sankō Bunka Kenkyūsho Nenpō 20: 27–49."
fuk2003,Fukita 2003,"<span class='author'>FUKITA, Takamichi</span> 2003. The Mahāvadānasūtra: A new edition based on manuscripts discovered in northern Turkestan ( = Sanskrit-Wörterbuch der buddhistischen Texte aus den Turfan-Funden, Beiheft 10). Göttingen: Vandenhoeck & Ruprecht."
gno1977,Gnoli 1977,"<span class='author'>GNOLI, Raniero</span> 1977. The Gilgit manuscript of the Saṅghabhedavastu: Being the 17th and last section of the Vinaya of the Mūlasarvāstivādin, Part I ( = Serie Orientale Roma, XLIX, 1). Roma: Istituto Italiano per il Medio ed Estremo Oriente."
gno1978,Gnoli 1978,"<span class='author'>GNOLI, Raniero</span> 1978. The Gilgit manuscript of the Saṅghabhedavastu: Being the 17th and last section of the Vinaya of the Mūlasarvāstivādin, Part II ( = Serie Orientale Roma, XLIX, 2). Roma: Istituto Italiano per il Medio ed Estremo Oriente."
hah1954,Hahlweg 1954,"<span class='author'>HAHLWEG, Klaus</span> 1954. Das Mahāgovinda-Sūtra, eine vergleichende Analyse der indischen und chine­sischen Versio­nen, dissertation, University of München."
hah1977,Hahn 1977,"<span class='author'>HAHN, Michael</span> 1977. Das Saptamaithunasaṃyuktasūtra: Ein Sūtra des Ekottarikāgama. In HÄRTEL, Herbert (ed.), Beiträge zur Indienforschung, Ernst Waldschmidt zum 80. Geburtstag gewidmet, Berlin: Museum für indische Kunst, 205–224."
harr1997,Harrison 1997,"<span class='author'>HARRISON, Paul</span> 1997. The Ekottarikāgama Translations of An Shigao. In Bauddhavidyasudhakarah: Studies in Honour of Heinz Bechert. <span class='author'>KIEFFER-PÜLZ, Petra</span> and <span class='author'>HARTMANN, Jens-Uwe</span> (editors). Swisstal-Oldendorf, pp. 261–283."
harr2002,Harrison 2002,"<span class='author'>HARRISON, Paul</span> 2002. Another Addition to the An Shigao Corpus? Preliminary Notes on an Early Chinese Saṃyuktāgama Translation. In Sakurabe Ronshu Committee (ed.), Early Buddhism and Abhidharma Thought: In Honor of Doctor Haji­me Sakurabe on His Seventy-seventh Birthday, Kyoto: Heirakuji Shoten, 1–32."
hart1989,Hartmann 1989,"<span class='author'>HARTMANN, Jens-Uwe</span> 1989. Fragmente aus dem Dīrghāgama der Sarvāstivādins. In <span class='author'>ENOMOTO Fumio</span>, <span class='author'>HARTMANN, Jens-Uwe</span>, and <span class='author'>MATSUMURA Hisashi</span> (editors), Sanskrit-Texte aus dem buddhistischen Kanon: Neuentdeckungen und Neueditionen ( = Sanskrit-Wörterbuch der buddhistischen Texte aus den Turfan-Funden, Beiheft 2), Göttingen: Vandenhoeck & Ruprecht, 37–67."
hart1991,Hartmann 1991,"<span class='author'>HARTMANN, Jens-Uwe</span> 1991. Untersuchungen zum Dīrghāgama der Sarvāstivādins. Habilitationsschrift. Göttingen: Georg-August-Universität."
hart1998,Hartmann 1998,"<span class='author'>HARTMANN, Jens-Uwe</span> 1998. Sanskrit Fragments from the Āgamas (I): The Aṅgulimālāsūtra. Indologica Taurinensia 23/24: 351–362."
hart2002,Hartmann 2002,"<span class='author'>HARTMANN, Jens-Uwe</span> 2002. More Fragments of the Caṅgīsūtra. In BRAARVIG, Jens (ed). Buddhist Manuscripts vol II ( = Manuscripts in the Schøyen Collection III), Oslo: Hermes Publishing, 1–16."
hart2004,Hartmann 2004,"<span class='author'>HARTMANN, Jens-Uwe</span> 2004. Contents and structure of the Dīrghāgama of the (Mūla)-Sarvāstivādins. Annual report of the International Research Institute for Advanced Buddhology at Soka University 7: 119–137."
hoe1916,Hoernle 1916,"<span class='author'>HOERNLE, A. F. Rudolf</span> 1916. Manuscript remains of Buddhist literature found in Eastern Turkestan: Facsimiles of manuscripts in Sanskrit, Khotanese, Kuchean, Tibetan and Chinese, with transcripts, translations and notes, edited in conjunction with other scholars, with critical introductions and vocabularies, vol 1. Oxford. Reprinted 1970, St. Leonards: Ad Orientem."
hof1939,Hoffmann 1939,"<span class='author'>HOFFMANN, Helmut</span> 1939. Bruchstücke des Ātāṭātikasūtra aus dem zentralasiatischen Sanskritkanon der Buddhisten ( = Kleinere Sanskrit-Texte V). Leipzig: F. A. Brockhaus. Reprinted 1987 in SANDER, Lore (ed.),  Nachträge zu “Kleinere Sanskrit-Texte, Heft V” ( = Monographien zur indischen Archäologie, Kunst und Philologie, 3), Wiesbaden: Franz Steiner."
hon1984,Honjo 1984,"<span class='author'>HONJŌ, Yoshifumi</span> 1984. A Table of Āgama-Citations in the Abhidharmakośa and the Abhi­dharma­kośopā­yikā. Kyoto."
hos1989a,Hosoda 1989a,"<span class='author'>HOSODA, Noriaki</span> 1989a. Sanskrit fragments from the Parivrājakasaṃyukta of the Saṃyuktāgama (1). In Indian Philosophy and Buddhism: Essays in honour of Professor Kotatsu Fujita on his sixtieth birthday: 185–206. Kyoto."
hos1989b,Hosoda 1989b,"<span class='author'>HOSODA, Noriaki</span> 1989b. Bonbun Zōagongyō Busshosetsuhon Gedōsōō (2) [Sanskrit fragments from the Parivrājakasaṃyukta of the Saṃyuktāgama (2)]. Hokkaidō Journal of Indological and Buddhist Studies 4: 140–153."
hos1989c,Hosoda 1989c,"<span class='author'>HOSODA, Noriaki</span> 1989c. Torufan shōrai mokuhansatsu Bonbun Zōagongyō danken: R. Pischel kōhyō Bonbun danken ni tsuite [Fragmentary woodblock mss of the Sanskrit Saṃyuktāgama from Turfan: On Sanskrit fragments published by R. Pischel]. Indogaku Bukkyōgaku Kenkyū 37.2: 540–546."
hos1991,Hosoda 1991,"<span class='author'>HOSODA, Noriaki</span> 1991. Bonbun Zōagongyō Busshosetsuhon Gedōsōō (3) [Sanskrit fragments from the Parivrājakasaṃyukta of the Saṃyuktāgama (3)]. Hokkaidō Journal of Indological and Buddhist Studies 6: 172–191."
joh1995,Johnston 1995,"<span class='author'>JOHNSTON, E. H.</span> 1995. Aśvaghoṣa’s Buddhacarita or Acts of the Buddha. Delhi: Munshiram Manoharlal."
kud2004,Kudo 2004,"<span class='author'>KUDO, Noriyuki</span> 2004. The Karmavibhaṅga. Transliterations and Annotations of the Original Sanskrit Manu­scripts from Nepal. Tokyo: Soka University."
kud2006a,Kudo 2006a,"<span class='author'>KUDO, Noriyuki</span> et al. 2006a. The First Three Folios of Manuscript B of the Karmavibhanga. Annual Report of the International Research Institute for Advanced Buddhology at Soka University, vol. 9 pp. 33–42."
kud2006b,Kudo 2006b,"<span class='author'>KUDO, Noriyuki</span> 2006b. One More Manuscript of the Karmavibhanga in the National Archives of Ne­pal, Kathmandu: Transliteration of Manuscript E (1). Annual Report of the International Re­search Institute for Ad­vanced Buddhology at Soka University, vol. 9 pp. 43–60."
pou1907,La Vallee Poussin 1907,"<span class='author'>LA VALLÉE POUSSIN, Louis de</span> 1907. Mss. Cecil Bendall. Journal of the Royal Asiatic Society of Great Britain and Ireland: 375–379."
pou1911,La Vallee Poussin 1911,"<span class='author'>LA VALLÉE POUSSIN, Louis de</span> 1911. Documents Sanscrits de la Second Collection M. Stein. Journal of the Royal Asiatic Society: 759–777 and 1063–1079."
pou1913,La Vallee Poussin 1913,"<span class='author'>LA VALLÉE POUSSIN, Louis de</span> 1913. Documents sanskrit de la seconde collection M. A. Stein. Fragments du Saṃyuktakāgama. Journal of the Royal Asiatic Society of Great Britain and Ireland: 569–580."
lef1902,Lefmann 1902,"<span class='author'>LEFMANN, S.</span> 1902. Lalita Vistara: Leben und Lehre des Çakya-Buddha, Textausgabe mit Varianten-, Metren- und Wörterverzeichnis. Halle: Verlag der Buchhandlung des Waisenhauses."
lev1904,Levi 1904,"<span class='author'>LÉVI, Sylvain</span> 1904. Le Saṃyuktāgama sanscrit et les feuillets Grünwedel. T’oung Pao II 5: 297–307."
lev1910,Levi 1910,"<span class='author'>LÉVI, Sylvain</span> 1910. Documents de l’Asie Central (Mission Pelliot). Textes sanscrits de Touen-Houang: Nidâna-Sûtra, Daçabala-Sûtra, Dharmapada, Hymne de Mâtṛceṭa. Journal Asiatique, sér. 10, 16: 433–456."
lev1925,Levi 1925,"<span class='author'>LÉVI, Sylvain</span> 1925. Notes Indiennes. Journal Asiatique 206: 17–35."
lev1932,Levi 1932,"<span class='author'>LÉVI, Sylvain</span> 1932. Mahākarmavibhaṅga (La Grande Classification des Actes) et Karmavibhaṅgopadeśa (Discussion sur le Mahā Karmavibhaṅga), Textes sanscrits rapportés du Népal, édités et traduits avec les textes parallèles en Sanscrit, en Pali, en Tibétain, en Chinois et en Koutchéen. Paris: Librairie Ernest Leroux."
lev1933,Levi 1933,"<span class='author'>LÉVI, Sylvain</span> 1933. Fragments de Textes Koutchéens: Udānavarga, Udānastotra, Udānālaṃkāra et Karmavibhaṅga, Publiés et traduits avec un vocabulaire et une introduction sur le ‘Tocharien’ (Cahiers de la Société Asiatique, Première Série). Paris: Imprimerie Nationale."
mag1995,Maggi 1995,"<span class='author'>MAGGI, Mauro</span> 1995. The Khotanese Karmavibhaṅga ( = Serie Orientale Roma, LXXIV). Roma: Istituto Italiano per il Medio ed Estremo Oriente."
mat1996,Matsuda 1996,"<span class='author'>MATSUDA, Kazunobu</span> 1996. Bonbun Chū-agon no Katomandō dankan (New Sanskrit fragments of the Madhyamāgama from the Cecil Bendall mss. in the National Archives, Kathmandu). Indogaku Bukkyōgaku Kenkyū 44/2 (Mar), 868–862 (113–119)."
mat1985,Matsumura 1985,"<span class='author'>MATSUMURA, Hisashi</span> 1985. Raitawarakyō no tenkai no ichi danmen [One aspect of the development of the Rāṣṭrapālasūtra]. Bukkyō Kenkyū 15: 39–62."
mat1988,Matsumura 1988,"<span class='author'>MATSUMURA, Hisashi</span> 1988. The Mahāsudarśanāvadāna and the Mahāsudarśanasūtra ( = Bibliotheca Indo-Buddhica no. 47). Delhi: Sri Satguru Publications."
mau1985,Maue 1985,"<span class='author'>MAUE, Dieter</span> 1985. Sanskrit-uigurische Fragmente des Āṭānāṭikasūtra und des Āṭānāṭiyahṛdaya. Ural-Altaische Jahrbücher 5: 98–122."
min&old1,Minayeff and Oldenburg 1,"<span class='author'>MINAYEFF, I. P.</span> and <span class='author'>OLDENBURG, S.</span> 1983. Buddhist Texts from Kashgar and Nepal. New Delhi."
mit1957,Mittal 1957,"<span class='author'>MITTAL, Kusum</span> 1957. Dogmatische Begriffsreihen im älteren Buddhismus I: Fragmente des Daśottarasūtra aus zentralasiatischen Sanskrit-Handschriften [I-VIII] ( = Sanskrittexte aus den Turfanfunden IV). Berlin: Akademie-Verlag."
miy1970,Miyasaka 1970,"<span class='author'>MIYASAKA, Yusho</span> 1970. Mahāsamayasūtra, Acta Indologica I: 109–135."
nak1986,Nakatani 1986,"<span class='author'>NAKATANI, Hideaki</span> 1986. Un fragment xylographique de l’Upāli-sūtra conservé au Musée Guimet. Bulletin d’Études Indiennes 4: 305–319."
obe2003,Oberlies 2003,"<span class='author'>OBERLIES, Thomas</span> 2003. Ein bibliographischer Überblick über die kanonischen Texte der Śrāvakayāna-Schulen des Buddhismus (ausgenommen der des Mahāvihāra-Theravāda). Wiener Zeitschrift für die Kunde Südasiens 47: 37–84."
pas1989,Pasadika 1989,"<span class='author'>PĀSĀDIKA, Bhikkhu</span> 1989: Kanonische Zitate im Abhidharmakośabhāṣya des Vasubandhu. Göttingen: Van­den­hoeck & Ruprecht."
pau1957-1967,Pauly 1957–1967,"<span class='author'>PAULY, Bernard</span> 1957–1967. Fragments Sanskrits de Haute Asie (Mission Pelliot), Journal Asiatique vol. 245 (1957) pp. 281–307; vol. 247 (1959) pp. 203–249; vol. 248 (1960) pp. 213–258 and pp. 509–538; vol. 249 (1961) pp. 333–410; vol. 250 (1962) pp. 593–612; vol. 252 (1964) pp. 197–271; vol. 253 (1965) pp. 83–121 and 183–187; vol. 254 (1966) pp. 245–304; vol. 255 (1967) pp. 231–241."
pis1904a,Pischel 1904a,"<span class='author'>PISCHEL, R.</span> 1904a. Bruchstücke des Sanskritkanons der Buddhisten aus Idykutšari, Chinesisch-Turkestan. Sitzungsberichte der Königlich Preussischen Akademie der Wissenschaften in Berlin 25: 807–827."
pis1904b,Pischel 1904b,"<span class='author'>PISCHEL, R.</span> 1904b. Neue Bruchstücke des Sanskritkanons der Buddhisten aus Idykutšari, Chinesisch-Turkestan. Sitzungsberichte der Königlich Preussischen Akademie der Wissenschaften in Berlin 25: 1138–1145."
ros1920,Rosenberg 1920,"<span class='author'>ROSENBERG, F.</span> 1920. Deux fragments sogdien-bouddhiques du Ts’ien-fo-tong de Touen-Houang, II: Frag­ment d’un Sūtra. Izvestija Rossijskoj akademii nauk: 399–420."
sal2003,Salomon 2003,"<span class='author'>SALOMON, Richard</span> 2003. The Senior Manuscripts: Another Collection of Gandhāran Buddhist Scrolls. Journal of the American Oriental Society 123/1: 73–92."
san1987,Sander 1987,"<span class='author'>SANDER, Lore</span> 1987. Nachträge zu “Kleine Sanskrit-Texte Heft III-V” ( = Monographien zur indischen Archäologie, Kunst und Philologie, 3). Wiesbaden: Franz Steiner."
sch1961,Schlingloff 1961,"<span class='author'>SCHLINGLOFF, Dieter</span> 1961. Zum Mahāgovindasūtra. Mitteilungen des Instituts für Orientforschung, Deutsche Akademie der Wissenschaften zu Berlin 7: 32–50."
sch1962,Schlingloff 1962,"<span class='author'>SCHLINGLOFF, Dieter</span> 1962. Dogmatische Begriffsreihen im älteren Buddhismus Ia: Daśottarasūtra IX-X ( = Sanskrittexte aus den Turfanfunden, IVa). Berlin: Akademie-Verlag."
sch1963,Schlingloff 1963,"<span class='author'>SCHLINGLOFF, Dieter</span> 1963. Zum Mahāgovindasūtra. Mitteilungen des Instituts für Orientforschung, Deutsche Akademie der Wissenschaften zu Berlin 8: 38–44."
sch1964,Schlingloff 1964,"<span class='author'>SCHLINGLOFF, Dieter</span> 1964. Ein Buddhistisches Yogalehrbuch: Textband. ( = Sanskrittexte aus den Turfanfunden VII). Berlin: Akademie-Verlag."
sch1843,Schmidt 1843,"<span class='author'>SCHMIDT, I. J.</span> 1843. Der Weise und der Thor, aus dem Tibetischen übersetzt und mit dem Originaltexte herausgegeben. St. Petersburg: Kaiserliche Akademie der Wissenschaften."
sen1882,Senart 1882,"<span class='author'>SENART, Emile</span> 1882. Le Mahāvastu (vol 1): Texte sanscrit publié pour la première fois et accompagné d’introductions et d’un commentaire (Société Asiatique, Collection d’Ouvrages Orientaux, Seconde série. Paris: Imprimerie Nationale."
sen1890,Senart 1890,"<span class='author'>SENART, Emile</span> 1890. Le Mahāvastu (vol 2): Texte sanscrit publié pour la première fois et accompagné d’introductions et d’un commentaire (Société Asiatique, Collection d’Ouvrages Orientaux, Seconde série. Paris: Imprimerie Nationale."
sen1897,Senart 1897,"<span class='author'>SENART, Emile</span> 1897. Le Mahāvastu (vol 3): Texte sanscrit publié pour la première fois et accompagné d’introductions et d’un commentaire (Société Asiatique, Collection d’Ouvrages Orientaux, Seconde série. Paris: Imprimerie Nationale."
sho1998,Shogaito 1998,"<span class='author'>SHŌGAITO, Masahiro</span> 1998. Three Fragments of Uighur Āgama. In <span class='author'>LAUT</span> and <span clas='author'>ÖLMEZ</span> (eds.), Bahşi Ögdisi, Festschrift für Klaus Röhrborn, Freiburg/Istanbul, 363–378."
sht,SHT,"SHT, Sanskrithandschriften aus den Turfanfunden. 1965 (vol i) ed. <span class='author'>W. Clawiter</span>, <span class='author'>L. Holzmann</span>, <span class='author'>E. Waldschmidt</span>; 1968 (vol ii) ed. idem; 1971 (vol iii) ed. idem; 1980 (vol iv) ed. <span class='author'>L. Sander</span>, <span class='author'>E. Waldschmidt</span>; 1985 (vol v) ed. idem; 1989 (vol vi) ed. <span class='author'>H. Bechert</span>, <span class='author'>K. Wille</span>; 1995 (vol vii) ed. idem; 2000 (vol viii) ed. idem; 2004 (vol ix) ed. idem; 2008 (vol x) ed. <span class='author'>K. Wille</span>. Wiesbaden/Stuttgart: Franz Steiner."
sie1938,Sieg 1938,"<span class='author'>SIEG, E.</span> 1938. Die Kutschischen Karmavibhaṅga Texte der Bibliothèque Nationale in Paris. Zeitschrift für Vergleichende Sprachforschung auf dem Gebiete der Indogermanischen Sprachen, 65: 165–172."
sim1970,Simon 1970,"<span class='author'>SIMON, Walther</span> 1970. A Note on the Tibetan Version of the Karmavibhaṅga Preserved in the MS Kanjur of the British Museum. Bulletin of the School of Oriental and African Studies 33: 161–166."
ski1994,Skilling 1994,"<span class='author'>SKILLING, Peter</span> 1994. Mahāsūtras: Great Discourses of the Buddha, Volume I: Texts. Oxford: Pali Text Society."
ski1997,Skilling 1997,"<span class='author'>SKILLING, Peter</span> 1997. Discourse on the Four Kinds of Karma. Journal of Religious Studies 7: 86–91."
ski2000,Skilling 2000,"<span class='author'>SKILLING, Peter</span> 2000. Vasubandhu and the Vyākhāyukti Literature. Journal of the International Association of Buddhist Studies 23,2: 297–350."
spe1970a,Speyer 1970a,"<span class='author'>SPEYER, J. S.</span> 1970a (1906). Avadānaśataka: A Century of Edifying Tales Belonging to the Hīnayāna, vol 1 (Bibliotheca Buddhica III). Osnabrück: Biblio Verlag."
spe1970b,Speyer 1970b,"<span class='author'>SPEYER, J. S.</span> 1970b (1909). Avadānaśataka: A Century of Edifying Tales Belonging to the Hīnayāna, vol 2 (Bibliotheca Buddhica III). Osnabrück: Biblio Verlag."
sta-ros1968,Stache-Rosen 1968,"<span class='author'>STACHE-ROSEN, Valentina</span> 1968. Dogmatische Begriffsreihen im älteren Buddhismus II: Das Saṅgītisūtra und sein Kommentar Saṅgītiparyāya, nach Vorarbeiten von Kusum Mittal bearbeitet. Teil 1–2 ( = Sanskrittexte aus den Turfanfunden IX). Berlin: Akademie-Verlag."
tek1980,Tekin 1980,"<span class='author'>TEKIN, Şinasi</span> 1980. Maitrisimit nom bitig. Die Uigurische Übersetzung eines Werkes der Buddhistischen Vaibhāṣika Schule. Berlin: Akademie Verlag."
thi1964,Thich 1964,"<span class='author'>THICH, Minh Chau</span> 1964. The Chinese Madhyama Āgama and the Pāli Majjhima Nikāya: A Comparative Study. Reprinted 1991, Delhi: Motilal Banarsidass."
thi1996,Thich 1996,"<span class='author'>THICH, Nhat Hanh</span> 1996. Breathe! You are Alive: Sutra on the Full Awareness of Breathing. Berkeley: Paral­lax Press."
tri1962,Tripathi 1962,"<span class='author'>TRIPĀṬHI, Chandrabhal</span> 1962. Fünfundzwanzig Sūtras des Nidānasaṃyukta ( = Sanskrittexte aus den Turfanfunden VIII). Berlin: Akademie-Verlag."
tri1980,Tripathi 1980,"<span class='author'>TRIPĀṬHI, Chandrabhal</span> 1980. Die Einleitung des Daśottarasūtra. Indianisme et Bouddhisme 23: 353–358."
tri1985,Tripathi 1985,"<span class='author'>TRIPĀṬHI, Chandrabhal</span> 1985. Saṅgīti-Sūtra, Nipāta II, und Ekottarāgama-Parallelen. In <span class='author'>BECHERT, Heinz</span> (ed.), Die Sprache der ältesten buddhistischen Überlieferung, Göttingen: Vandenhoeck & Ruprecht, 191–199."
tri1995,Tripathi 1995,"<span class='author'>TRIPĀṬHI, Chandrabhal</span> 1995. Ekottarāgama-Fragmente der Gilgit-Handschrift. Reinbek: Dr Inge Wezler Verlag für Orientalistische Fachpublikationen."
vai1958a/spe1970ab,Vaidya 1958a / Speyer 1970ab,"<span class='author'>VAIDYA, P. L.</span> 1958a. Avadāna-śataka (Buddhist Sanskrit Texts No. 19). Darbhanga: Mithila Institute. / SPEYER, J. S. 1970ab (1906). Avadānaśataka: A Century of Edifying Tales Belonging to the Hīnayāna, vols 1 & 2 (Bibliotheca Buddhica III). Osnabrück: Biblio Verlag."
vai1958b/lef1902,Vaidya 1958b / Lefmann 1902,"<span class='author'>VAIDYA, P. L.</span> 1958b. Lalita-vistaraḥ (Buddhist Sanskrit Texts No. 1). Darbhanga: Mithila Institute. / LEFMANN, S. 1902. Lalita Vistara: Leben und Lehre des Çakya-Buddha, Textausgabe mit Varianten-, Metren- und Wörterverzeichnis. Halle: Verlag der Buchhandlung des Waisenhauses."
vai1999/cow1886,Vaidya 1999 / Cowell 1886,"<span class='author'>VAIDYA, P. L.</span> 1999. Divyāvadāna (Buddhist Sanskrit Texts No.20). Darbhanga: Mithila Institute. / COWELL, E. B. et al. 1886. The Divyāvadāna, a Collection of Early Buddhist Legends. Cambridge: Cambridge University Press."
wal1932,Waldschmidt 1932,"<span class='author'>WALDSCHMIDT, Ernst</span> 1932. Bruchstücke buddhistischer Sūtras aus dem zentralasiatischen Sanskritkanon, I, herausgegeben und im Zusammenhang mit ihren Parallelversionen bearbeitet ( = Kleinere Sanskrit-Texte, IV). Leipzig: Deutsche Morgenländishe Gesellschaft. Reprinted 1979, Wiesbaden: Franz Steiner."
wal1950-1951,Waldschmidt 1950–1951,"<span class='author'>WALDSCHMIDT, Ernst</span> 1950–1951. Das Mahāparinirvāṇasūtra: Text in Sanskrit und Tibetisch, verglichen mit dem Pali nebst einer Übersetzung der chinesischen Entsprechung im Vinaya der Mūlasarvāstivādins, auf Grund von Turfan-handschriften. Teil I-III. Abhandlungen der Deutschen Akademie der Wissenschaften zu Berlin, Klasse für Sprachen, Literatur und Kunst, 1949/1, 1950/2, 1950/3. Berlin: Akademie-Verlag."
wal1952a,Waldschmidt 1952a,"<span class='author'>WALDSCHMIDT, Ernst</span> 1952a. Zur Śroṇakoṭikarṇa-Legende. Nachrichten der Akademie der Wissenschaften in Göttingen, Philologisch-Historische Klasse 1952/6: 129–151."
wal1952b,Waldschmidt 1952b,"<span class='author'>WALDSCHMIDT, Ernst</span> 1952b. Das Catuṣpariṣatsūtra, eine Kanonische Lehrschrift über die Begründung der Buddhisti­schen Gemeinde. Text in Sanskrit und Tibetisch, verglichen mit dem Pali nebst einer Übersetzung der chinesischen Entsprechung im Vinaya der Mūlasarvāstivādins. Auf Grund von Turfan-Handschriten herausgegeben und bearbeitet. Teil I. Berlin: Akademie-Verlag = Abhandlungen der Deutschen Akademie der Wissenschaften zu Berlin, Klasse für Sprachen, Literatur und Kunst, 1952/2."
wal1953,Waldschmidt 1953,"<span class='author'>WALDSCHMIDT, Ernst</span> 1953. Das Mahāvadānasūtra: Ein kanonischer Text über die sieben letzten Buddhas. Sanskrit, verglichen mit dem Pāli nebst einer Analyse der in chinesischer Übersetzung überlieferten Parallelversionen. Auf Grund von Turfan-Handschriften herausgegeben. Teil I-II. Abhandlungen der deutschen Akademie der Wissenschaften zu Berlin, Klasse für Sprachen, Literatur und Kunst, 1952/8, 1954/3."
wal1955a,Waldschmidt 1955a,"<span class='author'>WALDSCHMIDT, Ernst</span> 1955a. Zu einigen Bilinguen aus den Turfan-Funden. Nachrichten der Akademie der Wissenschaften in Göttingen, Philologisch-Historische Klasse 1955/1: 1–20. Reprinted 1967 in <span class='author'>BECHERT, Heinz</span> (ed.). Ernst Waldschmidt, Von Ceylon bis Turfan, Schriften zur Geschichte, Literatur, Religion und Kunst des indischen Kulturraumes. Festgabe zum 70. Geburtstag am 15. Juli 1967, Göttingen: Vandenhoeck & Ruprecht, 238–257."
wal1955b,Waldschmidt 1955b,"<span class='author'>WALDSCHMIDT, Ernst</span> 1955b. Die Einleitung des Saṅgītisūtra. Zeitschrift der deutschen morgenländischen Gesellschaft 105: 298–318. Reprinted 1967 in B <span class='author'>BECHERT, Heinz</span> (ed.), Ernst Waldschmidt, Von Ceylon bis Turfan, Schriften zur Geschichte, Literatur, Religion und Kunst des indischen Kulturraumes. Festgabe zum 70. Geburtstag am 15. Juli 1967, Göttingen: Vandenhoeck & Ruprecht, 258–278."
wal1956a,Waldschmidt 1956a,"<span class='author'>WALDSCHMIDT, Ernst</span> 1956a. Ein Fragment des Saṃyuktāgama aus den “Turfan-Funden” (M476). Nachrichten der Akademie der Wissenschaften in Göttingen, Philologisch-Historische Klasse 1956/3: 45–53. Reprinted 1967 in <span class='author'>BECHERT, Heinz</span> (ed.), Ernst Waldschmidt, Von Ceylon bis Turfan, Schriften zur Geschichte, Literatur, Religion und Kunst des indischen Kulturraumes. Festgabe zum 70. Geburtstag am 15. Juli 1967, Göttingen: Vandenhoeck & Ruprecht, 279–287."
wal1956b,Waldschmidt 1956b,"<span class='author'>WALDSCHMIDT, Ernst</span> 1956b. A fragment from the Saṃyuktāgama found in Chinese-Turkestan (“Turfan”). Adyar Library Bulletin 20: 213–228. (Revised translation of Waldschmidt 1956a)."
wal1957a,Waldschmidt 1957a,"<span class='author'>WALDSCHMIDT, Ernst</span> 1957a. Identifizierung einer Handschrift des Nidānasaṃyukta aus den Turfanfunden. Zeitschrift der deutschen morgenländischen Gesellschaft 107: 372–401. Reprinted 1967 in <span class='author'>BECHERT, Heinz</span> (ed.), Ernst Waldschmidt, Von Ceylon bis Turfan, Schriften zur Geschichte, Literatur, Religion und Kunst des indischen Kulturraumes. Festgabe zum 70. Geburtstag am 15. Juli 1967, Göttingen: Vandenhoeck & Ruprecht, 288–317."
wal1957b,Waldschmidt 1957b,"<span class='author'>WALDSCHMIDT, Ernst</span> 1957b. Sūtra 25 of the Nidānasaṃyukta. Bulletin of the School of Oriental and African Studies 20: 569–579. Reprinted 1967 in <span class='author'>BECHERT, Heinz</span> (ed.), Ernst Waldschmidt, Von Ceylon bis Turfan, Schriften zur Geschichte, Literatur, Religion und Kunst des indischen Kulturraumes. Festgabe zum 70. Geburtstag am 15. Juli 1967, Göttingen: Vandenhoeck & Ruprecht, 318–328."
wal1957c,Waldschmidt 1957c,"<span class='author'>WALDSCHMIDT, Ernst</span> 1957c. Das Upasenasūtra, ein Zauber gegen Schlangenbiss aus dem Saṃyuktāgama. Nachrichten der Akademie der Wissenschaften in Göttingen, Philologisch-Historische Klasse 1957/2: 27–44. Reprinted 1967 in <span class='author'>BECHERT, Heinz</span> (ed.), Ernst Waldschmidt, Von Ceylon bis Turfan, Schriften zur Geschichte, Literatur, Religion und Kunst des indischen Kulturraumes. Festgabe zum 70. Geburtstag am 15. Juli 1967, Göttingen: Vandenhoeck & Ruprecht, 329–346."
wal1957d,Waldschmidt 1957d,"<span class='author'>WALDSCHMIDT, Ernst</span> 1957d. Das Catuṣpariṣatsūtra, eine Kanonische Lehrschrift über die Begründung der Buddhisti­schen Gemeinde. Text in Sanskrit und Tibetisch, verglichen mit dem Pali nebst einer Übersetzung der chinesischen Entsprechung im Vinaya der Mūlasarvāstivādins. Auf Grund von Turfan-Handschriten herausgegeben und bearbeitet. Teil II. Berlin: Akademie-Verlag = Abhandlungen der Deutschen Akademie der Wissenschaften zu Berlin, Klasse für Sprachen, Literatur und Kunst, 1956/1."
wal1958,Waldschmidt 1958,"<span class='author'>WALDSCHMIDT, Ernst</span> 1958. Ein Zweites Daśabalasūtra. Mitteilungen des Instituts für Orientfor­schung 6: 382–405. Reprinted 1967 in <span class='author'>BECHERT, Heinz</span> (ed.), Ernst Waldschmidt, Von Ceylon bis Turfan, Schriften zur Geschichte, Literatur, Religion und Kunst des indischen Kulturraumes. Festgabe zum 70. Geburtstag am 15. Juli 1967, Göttingen: Vandenhoeck & Ruprecht, 347–370."
wal1959a,Waldschmidt 1959a,"<span class='author'>WALDSCHMIDT, Ernst</span> 1959a. Kleine Brahmi-Schriftrolle. Nachrichten der Akademie der Wissenschaften in Göttingen, Philologisch-Historische Klasse 1959/1: 1–25. Reprinted 1967 in <span class='author'>BECHERT, Heinz</span> (ed.), Ernst Waldschmidt, Von Ceylon bis Turfan, Schriften zur Geschichte, Literatur, Religion und Kunst des indischen Kulturraumes. Festgabe zum 70. Geburtstag am 15. Juli 1967, Göttingen: Vandenhoeck & Ruprecht, 371–395."
wal1959b,Waldschmidt 1959b,"<span class='author'>WALDSCHMIDT, Ernst</span> 1959b. The Upasenasūtra, a charm against snake-bites from the Saṃyuktāgama. In Jñānamuktāvaī, Commemoration volume in honour of Johannes Nobel, New Delhi, 234–253."
wal1961a,Waldschmidt 1961a,"<span class='author'>WALDSCHMIDT, Ernst</span> 1961a. Der Buddha preist die Verehrungswürdigkeit seiner Reliquien. Nachrichten der Akademie der Wissenschaften in Göttingen, Philologisch-Historische Klasse 1961.11: 375–385. Reprinted 1967 in <span class='author'>BECHERT, Heinz</span> (ed.), Ernst Waldschmidt, Von Ceylon bis Turfan, Schriften zur Geschichte, Literatur, Religion und Kunst des indischen Kulturraumes. Festgabe zum 70. Geburtstag am 15. Juli 1967, Göttingen: Vandenhoeck & Ruprecht, 417–427."
wal1961b,Waldschmidt 1961b,"<span class='author'>WALDSCHMIDT, Ernst</span> 1961b. Über ein der Turfan-Handschrift TM 361 fälschlich zugeteiltes Sanskritfragment. Ural-Altäische Jahrbücher 33: 199–203. Reprinted 1967 in <span class='author'>BECHERT, Heinz</span> (ed.), Ernst Waldschmidt, Von Ceylon bis Turfan, Schriften zur Geschichte, Literatur, Religion und Kunst des indischen Kulturraumes. Festgabe zum 70. Geburtstag am 15. Juli 1967, Göttingen: Vandenhoeck & Ruprecht, 412–416."
wal1962,Waldschmidt 1962,"<span class='author'>WALDSCHMIDT, Ernst</span> 1962. Das Catuṣpariṣatsūtra, eine Kanonische Lehrschrift über die Begründung der Buddhisti­schen Gemeinde. Text in Sanskrit und Tibetisch, verglichen mit dem Pali nebst einer Übersetzung der chinesischen Entsprechung im Vinaya der Mūlasarvāstivādins. Auf Grund von Turfan-Handschriten herausgegeben und bearbeitet. Teil III. Berlin: Akademie-Verlag = Abhandlungen der Deutschen Akademie der Wissenschaften zu Berlin, Klasse für Sprachen, Literatur und Kunst, 1960/1."
wal1968a,Waldschmidt 1968a,"<span class='author'>WALDSCHMIDT, Ernst</span> 1968a. Drei Fragmente buddhistischer Sūtras aus den Turfan-handschriften. Nachrichten der Akademie der Wissenschaften in Göttingen, Philologisch-Historische Klasse 1968.1, 3–26. Reprinted 1989 in <span class='author'>BECHERT, Heinz</span> & <span class='author'>KIEFFER-PÜLZ, Petra</span> (editors), Ernst Waldschmidt, Ausgewählte kleine Schriften, Stuttgart: Franz Steiner Verlag, 232–255."
wal1968b,Waldschmidt 1968b,"<span class='author'>WALDSCHMIDT, Ernst</span> 1968b. Ein Beitrag zur Überlieferung vom Sthavira Śroṇa Koṭiviṃśa. In Mélanges d’indianisme. À la mémoire de Louis Renou ( = Publications de l’Institut de Civilisation Indienne, Fasc. 28). Paris: E. de Boccard, 773–787. Reprinted 1989 in <span class='author'>BECHERT, Heinz</span> & <span class='author'>KIEFFER-PÜLZ, Petra</span> (editors), Ernst Waldschmidt, Ausgewählte kleine Schriften, Stuttgart: Franz Steiner Verlag, 217–231."
wal1968c,Waldschmidt 1968c,"<span class='author'>WALDSCHMIDT, Ernst</span> 1968c. A Note on Names and Surnames of Indra in a Fragment of a Buddhist Canonical Sanskrit Text from Central Asia, Journal of the Bihar Research Society, 54: 33–39. Reprinted 1989 in <span class='author'>BECHERT, Heinz</span> & <span class='author'>KIEFFER-PÜLZ, Petra</span> (editors), Ernst Waldschmidt, Ausgewählte kleine Schriften, Stuttgart: Franz Steiner Verlag, 256–264."
wal1970a,Waldschmidt 1970a,"<span class='author'>WALDSCHMIDT, Ernst</span> 1970a. Buddha frees the disc of the moon (Candrasūtra). Bulletin of the School of Oriental and African Studies 33: 179–183. Reprinted 1989 in <span class='author'>BECHERT, Heinz</span> & <span class='author'>KIEFFER-PÜLZ, Petra</span> (editors), Ernst Waldschmidt, Ausgewählte kleine Schriften, Stuttgart: Franz Steiner, 296–301."
wal1970b,Waldschmidt 1970b,"<span class='author'>WALDSCHMIDT, Ernst</span> 1970b. Fragment of a Buddhist Sanskrit text on cosmogony. In Tilakasiri, J. (ed.), Añjali. Papers on Indology and Buddhism. O. H. Vijesekera felicitation volume: 40–45. Peradeniya. Reprinted 1989 in <span class='author'>BECHERT, Heinz</span> & <span class='author'>KIEFFER-PÜLZ, Petra</span> (editors), Ernst Waldschmidt, Ausgewählte kleine Schriften, Stuttgart: Franz Steiner, 290–295."
wal1972,Waldschmidt 1972,"<span class='author'>WALDSCHMIDT, Ernst</span> 1972. A contribution to our knowledge of Sthavira Sroṇa Koṭhiviṃśa. In HAZRA, R. C. & BANERJI, S. C. (editors), S. K. De memorial volume, Calcutta, 107–116."
wal1976,Waldschmidt 1976,"<span class='author'>WALDSCHMIDT, Ernst</span> 1976. “Teufeleien” in den Turfan-Sanskrittexten. In FRANKE, H., HEISSIG, W. &  TREUE, W. (editors), Folia rara, Wolfgang Voigt LXV. diem natalem celebranti: 140–147. Wiesbaden: Franz Steiner. Reprinted 1989 in <span class='author'>BECHERT, Heinz</span> & <span class='author'>KIEFFER-PÜLZ, Petra</span> (editors), Ernst Waldschmidt, Ausgewählte kleine Schriften, Stuttgart: Franz Steiner, 312–319."
wal1978,Waldschmidt 1978,"<span class='author'>WALDSCHMIDT, Ernst</span> 1978. Mahāmaudgalyāyana’s sermon on the letting-in and not letting-in (of sensitive influences). Journal of the International Association of Buddhist Studies 1: 25–33. Reprinted 1989 in <span class='author'>BECHERT, Heinz</span> & <span class='author'>KIEFFER-PÜLZ, Petra</span> (editors), Ernst Waldschmidt, Ausgewählte kleine Schriften, Stuttgart: Franz Steiner, 320–328."
wal1979,Waldschmidt 1979,"<span class='author'>WALDSCHMIDT, Ernst</span> 1979. The Varṇaśatam. An eulogy of hundred epitheta of Lord Buddha spoken by the gṛhapati Upāli(n). Nachrichten der Akademie der Wissenschaften in Göttingen, Philologisch-Historische Klasse 1979.1: 1–19. Reprinted 1989 in <span class='author'>BECHERT, Heinz</span> & <span class='author'>KIEFFER-PÜLZ, Petra</span> (editors), Ernst Waldschmidt, Ausgewählte kleine Schriften, Stuttgart: Franz Steiner, 329–345."
wal1980a,Waldschmidt 1980a,"<span class='author'>WALDSCHMIDT, Ernst</span> 1980a. Central Asian sūtra fragments and their relation to the Chinese āgamas. In <span class='author'>BECHERT, Heinz</span> (ed.), Die Sprache der ältesten buddhistischen Überlieferung. Göttingen: Vandenhoeck & Ruprecht, 136–174. Reprinted 1989 in <span class='author'>BECHERT, Heinz</span> & <span class='author'>KIEFFER-PÜLZ, Petra</span> (editors), Ernst Waldschmidt, Ausgewählte kleine Schriften. Stuttgart: Franz Steiner, 370–408."
wal1980b,Waldschmidt 1980b,"<span class='author'>WALDSCHMIDT, Ernst</span> 1980b. The Rāṣṭrapālasūtra in Sanskrit remnants from Central Asia. In Indianisme et Bouddhisme: Mélanges offerts à Mgr. Étienne Lamotte: 359–374. Louvain-la-Neuve: Institut Orientaliste de l’Université Catholique, Reprinted 1989 in <span class='author'>BECHERT, Heinz</span> & <span class='author'>KIEFFER-PÜLZ, Petra</span> (editors), Ernst Waldschmidt, Ausgewählte kleine Schriften, Stuttgart: Franz Steiner, 346–361."
wal1980c,Waldschmidt 1980c,"<span class='author'>WALDSCHMIDT, Ernst</span> 1980c. On a Sanskrit version of the Verahaccāni Sutta of the Saṃyuttanikāya. Nachrichten der Akademie der Wissenschaften in Göttingen, Philologisch-Historische Klasse 1980.4: 69–76. Reprinted 1989 in <span class='author'>BECHERT, Heinz</span> & <span class='author'>KIEFFER-PÜLZ, Petra</span> (editors), Ernst Waldschmidt, Ausgewählte kleine Schriften, Stuttgart: Franz Steiner, 362–369."
wel1935,Weller 1935,"<span class='author'>WELLER, Friedrich,</span> 1935. Das tibetische Brahmajālasūtra. Zeitschrift für Indologie und Iranistik, 10: 1–61."
wil2002,Wille 2002,"<span class='author'>WILLE, Klaus</span> 2002. Fragments of the Mahāparinirvāṇasūtra. In BRAARVIG, Jens (ed.) Buddhist Manuscripts vol II ( = Manuscripts in the Schøyen Collection III): 17–24. Oslo: Hermes Publishing."
wil2005,Wille 2005,"<span class='author'>WILLE, Klaus</span> 2005. Survey of the Sanskrit Manuscripts in the Turfan Collection. Vortrag anlässlich des Workshops Digitalisierung der chinesischen, tibetischen, syrischen und Sanskrit-Texte der Berliner Turfansammlung, Berlin, 02.06.2005."
wil2006,Wille 2006,"<span class='author'>WILLE, Klaus</span> 2006. The Sanskrit Fragments Or. 15003 in the Hoernle Collection. Buddhist Manuscripts from Central Asia, The British Library Sanskrit Frag­ments, S. Karashima et al. (ed.), Tokyo: Soka University, vol. 1 pp 65–153."
yin1971,Yinshun 1971,"<span class='author'>YINSHUN</span> 1971. Yuanshi Fojiao shengdian zhi jicheng [The Compilation of the Scriptures of Early Buddhism]. Re­printed 1988, Taipei: Zhengwen."
yin1983,Yinshun 1983,YINSHUN 1983. Za Ahan jing lun huibian [Saṃyuktāgama Sūtra and Commentary] (3 vols.). Taipei: Zhengwen.
zur1995,Zurcher 1995,"<span class='author'>ZÜRCHER, Erik</span> 1995. Obscure Texts on Favourite Topics. Dao’an’s Anonymous Scriptures. In H. Schmidt-Glintzer (ed.), Das andere China. Wiesbaden: Harrassowitz, pp. 161–181.  "
fee1883,Feer 1883,"<span class='author'>FEER, Léon</span> 1883. Fragments extraits du Kanjour (= Annales du Musée Guimet, tome 5). Paris: E. Leroux."
mit1877,Mitra 1877,"<span class='author'>MITRA, Raj</span> (editor & translator) 1877. The Lalita Vistara or Memoirs of the Early Life of Śākya Siñha. (= Biliotheca Indica vol. 15). Calcutta: C. B. Lewis."
bod2000,Bodhi 2000,"<span class='author'>BODHI, Bhikkhu</span> 2000. The Connected Discourses of the Buddha: A New Translation of the Saṃyutta Nikāya. Boston: Wisdom Publications."
som1999,Somaratne 1999,"<span class='author'>SOMARATNE, G. A.</span> 1999. Saṃyutta-nikāya Vol. I. Oxford: Pali Text Society."
oku1982,Okubo 1982,"<span class='author'>ŌKUBO, Yusen</span> 1982. The Ekottara-āgama Fragments of the Gilgit Manuscript: Romanized Text.  Bukkyōgaku Seminā 35: 120–91."
pau1959,Pauly 1959,"<span class='author'>PAULY, Bernard</span> 1959. Fragments sanskrits de Haute Asie (Mission Pelliot). Journal Asiatique (Année 1959): 247, 203–249."
all2008,Allon 2008,"<span class='author'>ALLON, Mark</span> 2008. A Gāndhārī Version of the Simile of the Turtle and the Hole in the Yoke. Journal of the Pali Text Society 29: 229–262."
ana2012,Analayo 2012,"<span class='author'>ANĀLAYO, Bhikkhu</span> 2012. On the Five Aggregates (1): A translation of Saṃyukta-āgama Discourses 1 to 32. Dharma Drum Journal of Buddhist Studies 11: 1–61."
ane1905,Anesaki 1905,"<span class='author'>ANESAKI, Masaharu</span> 1905. Le Sagātha-vagga du Saṃyutta-nikāya et ses versions chinoises. Le Muséon (nouvelle série) 24: 23–37."
bec1911,Beckh 1911,"<span class='author'>BECKH, Hermann</span> 1911. Udānavarga, Eine Sammlung buddhistischer Sprüche in tibetischer Sprache, nach dem Kanjur und Tanjur mit Anmerkungen herausgegeben. Berlin: Reimer."
ben1940,Benviste 1940,"<span class='author'>BENVENISTE, E.</span> 1940. Textes Sogdiens, édités, traduits et commentés (Mission Pelliot en Asie Centrale, series in-quarto). Paris: Paul Geuthner."
ber1930,Bersing 1930,"<span class='author'>BERSING, Siegfried</span> 1930. Das Chung-tsi-king des chinesischen Dīrghāgama, Übersetztung und Anmerkungen. Leipzig: Asia Major."
bin2011,Bingenheimer 2011,"<span class='author'>BINGENHEIMER, Marcus</span> 2011. Studies in Āgama Literature: With special reference to the Shorter Chinese Saṃyuktāgama. (Dharma Drum Buddhist College Special Series) Taipei: Xin Wen Feng."
bro1962/2001,Brough 1962/2001,"<span class='author'>BROUGH, John</span> 1962/2001. The Gāndhārī Dharmapada, edited with an Introduction and Commentary (= Buddhist Tradition Series, vol. 43) Delhi: Motilal Banarsidass."
cha1930,Chakravarti 1930,"<span class='author'>CHAKRAVARTI, N. P.</span> 1930. L’Udānavarga sanskrit: Texte sanscrit en transcription, avec traduction et annotations, suivi d’une étude critique et de planches (Mission Pelliot en Asie Centrale, série petit in-octavo, vol iv). Paris: Paul Geuthner.  "
cho2004,Choong 2004,"<span class='author'>CHOONG, Mun-keat</span> 2004. Annotated Translations of Sutras from the Chinese Saṃyuktāgama Relevant to the Early Buddhist Teachings on Emptiness and the Middle Way. Penang: Chee Khoon Printings."
chu2008,Chung 2008,"<span class='author'>CHUNG, Jin-il</span> 2008. A Survey of the Sanskrit Fragments Corresponding to the Chinese Saṃyuktāgama. Tokyo: Sankibō Busshorin."
chu&fuk2011,Chung and Fukita 2011,"<span class='author'>CHUNG, Jin-il</span> and <span class='author'>FUKITA, Takamichi</span> 2011. A Survey of the Sanskrit Fragments Corresponding to the Chinese Madhyamāgama (including references to Sanskrit parallels, citations, numerical categories of doctrinal concepts, and stock phrases). Tokyo: Sankibō Busshorin."
dha2012,Dhammadinna 2012,"<span class='author'>DHAMMADINNĀ</span> 2012. A Translation of the Quotations in Śamathadeva’s Abhidharmakośopāyikā-ṭīkā Parallel to the Chinese Saṃyukta-āgama Discourses 8, 9, 11, 12, 17 and 28. Dharma Drum Journal of Buddhist Studies 11: 63–96."
gla2007,Glass 2007,"<span class='author'>GLASS, Andrew</span> 2007. Four Gāndhārī Saṃyuktāgama sūtras: Senior Kharoṣṭhī fragment 5. ( = Gandhāran Buddhist Texts, vol. 4). Seattle and London: University of Washington Press."
hab2007,Habata 2007,"<span class='author'>HABATA, Hiromi</span> 2007. Die zentralasiatischen Sanskrit-Fragmente des Mahāparinirvāna-Mahāsūtra: Kritische Ausgabe des Sanskrittextes und seiner tibetischen Übertragung im Vergleich mit den chinesischen Übersetzungen. Marburg: Indica et Tibetica."
hart2000,Hartmann 2000,"<span class='author'>HARTMANN, Jens-Uwe</span> 2000. Zu einer neuen Handschrift des Dīrghāgama. In Vividharatnakaraṇḍaka: Festgabe für Adelheid Mette (= Indica et Tibetica: Monographien zu den Sprachen und Literaturen des indo-tibetischen Kulturraumes Band 37). C Chojnacki et al. (editors). Swisstal-Odendorf: Indica und Tibetica, pp. 359–367.  "
kua2007,Kuan 2007,"<span class='author'>KUAN, Tse-Fu</span> 2007. Annotated Translation of the Chinese Version of the Kāyagatāsati Sutta. Indian International Journal of Buddhist Studies 8: 175–194."
kua2008,Kuan 2008,"<span class='author'>KUAN, Tse-Fu</span> 2008. Mindfulness in Early Buddhism: New Approaches through Psychology and Textual Analysis of Pali, Chinese, and Sanskrit Sources (Routledge Critical Studies in Buddhism) London: Routledge."
kud1983,Kudara 1983,"<span class='author'>KUDARA, Kōgi</span> et al. 1983. Uigurische Āgama-Fragmente (1). Altorientalische Forschungen 10: 269–309."
kud1990,Kudara 1990,"<span class='author'>KUDARA, Kōgi</span> et al. 1990. Uigurische Āgama-Fragmente (2). Altorientalische Forschungen 17: 130–145."
kud1995,Kudara 1995,"<span class='author'>KUDARA, Kōgi</span> et al. 1995. Uigurische Āgama-Fragmente (3). Bukkyō Bunka Kenkyū sho Kiyō 34: 23–84."
mel2006,Meltzer 2006,"<span class='author'>MELTZER, Gudrun</span> 2006. Ein Abschnitt aus dem Dīrghāgama. PhD thesis. München: Ludwig-Maximilians-Universität."
nag2009,Nagashima 2009,"<span class='author'>NAGASHIMA, Jundo</span> 2009. The Sanskrit Fragments Or. 15009/51–90 in the Hoernle Collection. In Buddhist Manuscripts from Central Asia: The British Library Sanskrit Fragments. S. Karashima et al. (editors). Tokyo: The International Research Institute for Advanced Buddhology, Soka University, vol 2, pp. 128–159."
neu1896/1995,Neumann 1896/1995,"<span class='author'>NEUMANN, Karl Eugen</span> 1896/1995. Die Reden des Buddha: Mittlere Sammlung, aus dem Pāli-Kanon übersetzt. Herrnschrot: Beyerlein & Steinschulte."
pei2008,Peipina 2008,"<span class='author'>PEIPINA, Lita</span> 2008. The Piṅgalātreya sūtra of the (Mūla-)sarvāstivādins: Its Edition and Study. Investigation of the Piṃgalātreya sūtra’s status within the Dīrghāgama “Collection of Long (Discourses of the Buddha)”. MA thesis, University of Oslo."
pey2008,Peyrot 2008,"<span class='author'>PEYROT, Michael</span> 2008. More Sanskrit, Tocharian B Bilingual Udānavarga Fragments. Indogermanische Forschungen, Zeitschrift für Indogermanistik und allgemeine Sprachwissenschaft 113: 83–125."
sal2000,Salomon 2000,"<span class='author'>SALOMON, Richard</span> 2000. A Gāndhārī Version of the Rhinoceros Sūtra, British Library Kharoṣṭhī Fragment 5B (= Gandhāran Buddhist Texts 1) Seattle: University of Washington Press."
sho2002,Shogaito 2002,"<span class='author'>SHŌGAITO, Masahiro</span> 2002. Fragments of Uighur Daśabala Sūtra. In Splitter aus der Gegend von Turfan: Festschrift für Peter Zieme (Türk Dilleri Arastirmalari Dizisi, 35). M. Ölmez et al. (editors). Berlin pp. 291–297."
sie1949,Sieg 1949,"<span class='author'>SIEG, E.</span> et al. 1949. Tocharische Sprachreste, Sprache B. Die Udānālaṅkāra-Fragmente. Göttingen: Vandenhoeck & Ruprecht."
sil2009,Silverlock 2009,"<span class='author'>SILVERLOCK, Blair</span> 2009. An Edition, Translation, and Study of the Bodha-sūtra from the Manuscript of the Gilgit Dīrghāgama of the (Mūla-)Sarvāstivādins. BA thesis, University of Sydney."
ski2011,Skilling 2011,"<span class='author'>SKILLING, Peter</span> 2011. Discourse on the Twenty-two Faculties, Translated from Śamathadeva’s Upāyikā-ṭīkā. In Felicitation Volume for Professor Samtani. L. Shravak (ed.) (forthcoming)."
thi&pas1984-2004,Thich and Pasadiko 1984–2004,"<span class='author'>THICH Huyen-vi</span> and <span class='author'>PĀSĀDIKO Bhikkhu</span> 1984–2004. [Partial Translation of Ekottarikāgama, T125]. Buddhist Studies Review 1.2 onwards.  "
cri2002,Von Criegern 2002,"<span class='author'>VON CRIEGERN, Oliver</span> 2002. Das Kūṭatāṇḍyasūtra, nach dem Dīrghāgama Manuskript herausgegeben und übersetzt. MA thesis. München: Ludwig-Maximilians-Universität."
zha2003,Zhang 2003,"<span class='author'>ZHANG, Lixiang</span> 2003. Das Śaṃkarakasūtra: Eine Übersetzung des Sanskrit-Textes im Vergleich mit der Pāli-Fassung. München."
zho2008,Zhou 2008,"<span class='author'>ZHOU, Chungyang</span> 2008. Das Kaivartisūtra der neuentdeckten Dīrghāgama-Handschrift: Eine Edition und Rekonstruction des Textes. MA thesis. Göttingen: Georg-August-Universität."
zon1990,Zongtse 1990,"<span class='author'>ZONGTSE, Champa Thupten</span> 1990. Udānavarga Band III. Der tibetische Text, unter Mitarbeit von Siglinde Dietz herausgegeben von Champa Tupten Zongtse (Sanskrittexte aus den Turfanfunden X,3. Abhandlungen der Akademie der Wissenschaften in Göttingen, Philologisch-historische Klasse, Dritte Folge, Nr. 187). Göttingen: Vandenhoeck & Ruprecht."
vai1958b/mit1877,Vaidya 1958b / Mitra 1877,"<span class='author'>VAIDYA, P. L.</span> 1958b. Lalita-vistaraḥ (Buddhist Sanskrit Texts No. 1). Darbhanga: Mithila Institute. / <span class='author'>MITRA, Raj</span> (ed & trl) 1877. The Lalita Vistara or Memoirs of the Early Life of Śākya Siñha. (= Biliotheca Indica vol. 15). Calcutta: C. B. Lewis."
yam1972,Yamada 1972,"<span class='author'>YAMADA, Isshi</span> 1972. \""Anityatāsūtra\"", Journal of Indian and Buddhist Studies [= IBK], 20,2, pp. 996–1001 (30–35)"
